<?xml version="1.0" encoding="UTF-8"?>
<project-private xmlns="http://www.netbeans.org/ns/project-private/1">
    <editor-bookmarks xmlns="http://www.netbeans.org/ns/editor-bookmarks/2" lastBookmarkId="0"/>
    <open-files xmlns="http://www.netbeans.org/ns/projectui-open-files/2">
        <group>
            <file>file:/C:/Users/User/OneDrive/Documents/NetBeansProjects/2110010641/src/MembershipGym/Cash.java</file>
            <file>file:/C:/Users/User/OneDrive/Documents/NetBeansProjects/2110010641/src/MembershipGym/Check.java</file>
            <file>file:/C:/Users/User/OneDrive/Documents/NetBeansProjects/2110010641/src/Form/FormCash.java</file>
            <file>file:/C:/Users/User/OneDrive/Documents/NetBeansProjects/2110010641/src/ListTable/dataCredit.java</file>
            <file>file:/C:/Users/User/OneDrive/Documents/NetBeansProjects/2110010641/src/MembershipGym/Credit.java</file>
            <file>file:/C:/Users/User/OneDrive/Documents/NetBeansProjects/2110010641/src/ListTable/dataCostumer.java</file>
            <file>file:/C:/Users/User/OneDrive/Documents/NetBeansProjects/2110010641/src/ListTable/dataOrder.java</file>
            <file>file:/C:/Users/User/OneDrive/Documents/NetBeansProjects/2110010641/src/ListTable/dataCheck.java</file>
            <file>file:/C:/Users/User/OneDrive/Documents/NetBeansProjects/2110010641/src/Form/FormUtama.java</file>
            <file>file:/C:/Users/User/OneDrive/Documents/NetBeansProjects/2110010641/src/MembershipGym/OrderDetail.java</file>
            <file>file:/C:/Users/User/OneDrive/Documents/NetBeansProjects/2110010641/src/MembershipGym/item.java</file>
            <file>file:/C:/Users/User/OneDrive/Documents/NetBeansProjects/2110010641/src/ListTable/dataOrderDetail.java</file>
            <file>file:/C:/Users/User/OneDrive/Documents/NetBeansProjects/2110010641/src/Form/FormCheck.java</file>
            <file>file:/C:/Users/User/OneDrive/Documents/NetBeansProjects/2110010641/src/pkg2110010641/Main.java</file>
            <file>file:/C:/Users/User/OneDrive/Documents/NetBeansProjects/2110010641/src/ListTable/dataCash.java</file>
            <file>file:/C:/Users/User/OneDrive/Documents/NetBeansProjects/2110010641/src/MembershipGym/Order.java</file>
            <file>file:/C:/Users/User/OneDrive/Documents/NetBeansProjects/2110010641/src/MembershipGym/Payment.java</file>
        </group>
    </open-files>
</project-private>
